name,size,rank,time,comparisons
quickselect,1000,250,0.000036,2656
quickselect,2000,500,0.000046,7489
quickselect,3000,750,0.000057,8712
quickselect,4000,1000,0.000056,9194
quickselect,5000,1250,0.000075,13214
quickselect,6000,1500,0.000086,17666
quickselect,7000,1750,0.000073,15256
quickselect,8000,2000,0.000115,24479
quickselect,9000,2250,0.000109,24383
quickselect,10000,2500,0.000124,25463
quickselect,11000,2750,0.000144,27033
quickselect,12000,3000,0.000183,34202
quickselect,13000,3250,0.000284,41394
quickselect,14000,3500,0.000177,34137
quickselect,15000,3750,0.000187,39493
quickselect,16000,4000,0.000188,40275
quickselect,17000,4250,0.000237,41826
quickselect,18000,4500,0.000218,49104
quickselect,19000,4750,0.000271,49957
quickselect,20000,5000,0.000251,57167
quickselect,21000,5250,0.000277,56776
quickselect,22000,5500,0.000285,70431
quickselect,23000,5750,0.000281,61662
quickselect,24000,6000,0.000286,59129
quickselect,25000,6250,0.000298,64263
quickselect,26000,6500,0.000360,65779
quickselect,27000,6750,0.000284,66657
quickselect,28000,7000,0.000333,70920
quickselect,29000,7250,0.000388,74422
quickselect,30000,7500,0.000427,78773
quickselect,31000,7750,0.000403,93509
quickselect,32000,8000,0.000355,81590
quickselect,33000,8250,0.000368,81929
quickselect,34000,8500,0.000398,93590
quickselect,35000,8750,0.000382,86486
quickselect,36000,9000,0.000384,89484
quickselect,37000,9250,0.000463,94268
quickselect,38000,9500,0.000403,93755
quickselect,39000,9750,0.000453,100981
quickselect,40000,10000,0.000449,103801
quickselect,41000,10250,0.000468,103795
quickselect,42000,10500,0.000446,106035
quickselect,43000,10750,0.000467,108512
quickselect,44000,11000,0.000489,112408
quickselect,45000,11250,0.000488,113861
quickselect,46000,11500,0.000513,114804
quickselect,47000,11750,0.000501,119118
quickselect,48000,12000,0.000554,121211
quickselect,49000,12250,0.000552,127061
quickselect,50000,12500,0.000563,129467
quickselect,51000,12750,0.000591,130070
quickselect,52000,13000,0.000579,135031
quickselect,53000,13250,0.000589,138427
quickselect,54000,13500,0.000571,134284
quickselect,55000,13750,0.000586,139267
quickselect,56000,14000,0.000613,139667
quickselect,57000,14250,0.000612,146733
quickselect,58000,14500,0.000630,149232
quickselect,59000,14750,0.000664,154046
quickselect,60000,15000,0.000683,151550
quickselect,61000,15250,0.000698,157124
quickselect,62000,15500,0.000688,155894
quickselect,63000,15750,0.000687,161753
quickselect,64000,16000,0.000703,164776
quickselect,65000,16250,0.000820,166387
quickselect,66000,16500,0.000705,166667
quickselect,67000,16750,0.000740,169366
quickselect,68000,17000,0.000725,173349
quickselect,69000,17250,0.000759,178160
quickselect,70000,17500,0.000773,181962
quickselect,71000,17750,0.000780,180014
quickselect,72000,18000,0.000753,180502
quickselect,73000,18250,0.000812,188388
quickselect,74000,18500,0.000781,190542
quickselect,75000,18750,0.000750,189955
quickselect,76000,19000,0.000757,194927
quickselect,77000,19250,0.000776,194240
quickselect,78000,19500,0.000773,201365
quickselect,79000,19750,0.000797,203982
quickselect,80000,20000,0.000802,205238
quickselect,81000,20250,0.000806,205546
quickselect,82000,20500,0.000888,211938
quickselect,83000,20750,0.000823,212734
quickselect,84000,21000,0.000836,212711
quickselect,85000,21250,0.000815,214805
quickselect,86000,21500,0.000922,224272
quickselect,87000,21750,0.001072,223147
quickselect,88000,22000,0.000856,224920
quickselect,89000,22250,0.000880,228510
quickselect,90000,22500,0.000993,227329
quickselect,91000,22750,0.000941,232506
quickselect,92000,23000,0.001005,240451
quickselect,93000,23250,0.001108,236735
quickselect,94000,23500,0.001061,242665
quickselect,95000,23750,0.001008,256341
quickselect,96000,24000,0.000949,245395
quickselect,97000,24250,0.001087,252376
quickselect,98000,24500,0.001009,252280
quickselect,99000,24750,0.000985,252921
quickselect,100000,25000,0.000995,255092
quickselect,101000,25250,0.001001,258132
quickselect,102000,25500,0.001080,261047
quickselect,103000,25750,0.001457,263273
quickselect,104000,26000,0.000995,264996
quickselect,105000,26250,0.000987,267722
quickselect,106000,26500,0.001010,272082
quickselect,107000,26750,0.001176,314720
quickselect,108000,27000,0.001839,308278
quickselect,109000,27250,0.001333,427060
quickselect,110000,27500,0.001030,286080
quickselect,111000,27750,0.001018,338036
quickselect,112000,28000,0.001030,296396
quickselect,113000,28250,0.001031,270762
quickselect,114000,28500,0.000865,303227
quickselect,115000,28750,0.001080,229035
quickselect,116000,29000,0.001374,451319
quickselect,117000,29250,0.001122,403589
quickselect,118000,29500,0.001384,382357
quickselect,119000,29750,0.001374,490502
quickselect,120000,30000,0.001207,355749
quickselect,121000,30250,0.001679,485003
quickselect,122000,30500,0.002647,512405
quickselect,123000,30750,0.001320,449032
quickselect,124000,31000,0.000941,333723
quickselect,125000,31250,0.001154,302225
quickselect,126000,31500,0.001404,452484
quickselect,127000,31750,0.000863,246364
quickselect,128000,32000,0.001830,699378
quickselect,129000,32250,0.001472,465507
quickselect,130000,32500,0.001162,303840
quickselect,131000,32750,0.002312,788419
quickselect,132000,33000,0.001331,379090
quickselect,133000,33250,0.001331,406982
quickselect,134000,33500,0.001099,360138
quickselect,135000,33750,0.001176,295750
quickselect,136000,34000,0.001280,400317
quickselect,137000,34250,0.001853,513394
quickselect,138000,34500,0.001486,508549
quickselect,139000,34750,0.001388,383032
quickselect,140000,35000,0.001291,424734
quickselect,141000,35250,0.001844,442546
quickselect,142000,35500,0.002290,512240
quickselect,143000,35750,0.001702,357322
quickselect,144000,36000,0.001642,496918
quickselect,145000,36250,0.001856,551448
quickselect,146000,36500,0.001437,451666
quickselect,147000,36750,0.001822,576372
quickselect,148000,37000,0.001831,606159
quickselect,149000,37250,0.001957,564312
quickselect,150000,37500,0.002992,587003
quickselect,151000,37750,0.001597,346482
quickselect,152000,38000,0.001610,423427
quickselect,153000,38250,0.001381,545720
quickselect,154000,38500,0.001819,580584
quickselect,155000,38750,0.001843,499624
quickselect,156000,39000,0.001362,317598
quickselect,157000,39250,0.001993,551045
quickselect,158000,39500,0.002140,681228
quickselect,159000,39750,0.001680,474986
quickselect,160000,40000,0.002338,784306
quickselect,161000,40250,0.001204,394450
quickselect,162000,40500,0.002322,443972
quickselect,163000,40750,0.001707,409303
quickselect,164000,41000,0.001211,393792
quickselect,165000,41250,0.001944,474898
quickselect,166000,41500,0.002292,644979
quickselect,167000,41750,0.001736,538470
quickselect,168000,42000,0.001634,502466
quickselect,169000,42250,0.001987,575084
quickselect,170000,42500,0.001105,268063
quickselect,171000,42750,0.002112,588227
quickselect,172000,43000,0.001979,573887
quickselect,173000,43250,0.001151,286402
quickselect,174000,43500,0.002991,872799
quickselect,175000,43750,0.002071,538106
quickselect,176000,44000,0.000927,325394
quickselect,177000,44250,0.000976,402578
quickselect,178000,44500,0.000959,268314
quickselect,179000,44750,0.001605,538170
quickselect,180000,45000,0.002106,667020
quickselect,181000,45250,0.001541,471513
quickselect,182000,45500,0.003093,939768
quickselect,183000,45750,0.002341,748606
quickselect,184000,46000,0.002141,465069
quickselect,185000,46250,0.002265,480943
quickselect,186000,46500,0.001851,625756
quickselect,187000,46750,0.002965,795385
quickselect,188000,47000,0.002431,459435
quickselect,189000,47250,0.002070,595344
quickselect,190000,47500,0.001961,558592
quickselect,191000,47750,0.001859,606303
quickselect,192000,48000,0.002958,775963
quickselect,193000,48250,0.002090,477721
quickselect,194000,48500,0.001542,433997
quickselect,195000,48750,0.000985,369809
quickselect,196000,49000,0.002919,742669
quickselect,197000,49250,0.003042,867245
quickselect,198000,49500,0.001807,637818
quickselect,199000,49750,0.001142,346728
quickselect,200000,50000,0.002268,417881
quickselect,201000,50250,0.003145,961011
quickselect,202000,50500,0.002527,649929
quickselect,203000,50750,0.002705,902782
quickselect,204000,51000,0.001214,427583
quickselect,205000,51250,0.001900,569263
quickselect,206000,51500,0.003270,738992
quickselect,207000,51750,0.002316,465963
quickselect,208000,52000,0.003697,809216
quickselect,209000,52250,0.003187,810409
quickselect,210000,52500,0.002141,405447
quickselect,211000,52750,0.003284,848120
quickselect,212000,53000,0.004093,699625
quickselect,213000,53250,0.003454,574237
quickselect,214000,53500,0.003956,769978
quickselect,215000,53750,0.003378,791776
quickselect,216000,54000,0.002854,753766
quickselect,217000,54250,0.003389,1028578
quickselect,218000,54500,0.003218,636640
quickselect,219000,54750,0.003767,813602
quickselect,220000,55000,0.002672,730912
quickselect,221000,55250,0.002684,467597
quickselect,222000,55500,0.002000,583302
quickselect,223000,55750,0.005181,940169
quickselect,224000,56000,0.002372,550641
quickselect,225000,56250,0.001803,469718
quickselect,226000,56500,0.004083,1255425
quickselect,227000,56750,0.001917,447760
quickselect,228000,57000,0.002811,682610
quickselect,229000,57250,0.003082,771809
quickselect,230000,57500,0.002453,584005
quickselect,231000,57750,0.002634,534440
quickselect,232000,58000,0.003580,917204
quickselect,233000,58250,0.002899,691814
quickselect,234000,58500,0.002341,554171
quickselect,235000,58750,0.004947,1319067
quickselect,236000,59000,0.001851,495116
quickselect,237000,59250,0.004493,899995
quickselect,238000,59500,0.002265,627426
quickselect,239000,59750,0.003549,1113490
quickselect,240000,60000,0.002796,851103
quickselect,241000,60250,0.002545,552503
quickselect,242000,60500,0.002360,636988
quickselect,243000,60750,0.003732,1038713
quickselect,244000,61000,0.003466,1010752
quickselect,245000,61250,0.001545,460199
quickselect,246000,61500,0.003064,872882
quickselect,247000,61750,0.003254,672128
quickselect,248000,62000,0.002554,899459
quickselect,249000,62250,0.004283,943079
quickselect,250000,62500,0.002182,669287
quickselect,251000,62750,0.002927,706686
quickselect,252000,63000,0.002375,582816
quickselect,253000,63250,0.002438,582719
quickselect,254000,63500,0.001868,511728
quickselect,255000,63750,0.004956,1210987
quickselect,256000,64000,0.003673,981297
quickselect,257000,64250,0.002960,642352
quickselect,258000,64500,0.004578,964014
quickselect,259000,64750,0.003560,838155
quickselect,260000,65000,0.004034,1001878
quickselect,261000,65250,0.001612,389826
quickselect,262000,65500,0.003853,1057906
quickselect,263000,65750,0.002184,645045
quickselect,264000,66000,0.003380,803013
quickselect,265000,66250,0.003674,851634
quickselect,266000,66500,0.003961,785456
quickselect,267000,66750,0.003722,1058021
quickselect,268000,67000,0.003066,740267
quickselect,269000,67250,0.003864,802210
quickselect,270000,67500,0.002882,627028
quickselect,271000,67750,0.003949,899159
quickselect,272000,68000,0.003428,765028
quickselect,273000,68250,0.001556,474687
quickselect,274000,68500,0.005584,1025689
quickselect,275000,68750,0.001392,404081
quickselect,276000,69000,0.004487,825028
quickselect,277000,69250,0.003321,849937
quickselect,278000,69500,0.002915,602859
quickselect,279000,69750,0.003540,948596
quickselect,280000,70000,0.004033,918844
quickselect,281000,70250,0.002952,631438
quickselect,282000,70500,0.003410,890600
quickselect,283000,70750,0.004479,966704
quickselect,284000,71000,0.002899,638230
quickselect,285000,71250,0.003364,736911
quickselect,286000,71500,0.006186,1382214
quickselect,287000,71750,0.004292,1131917
quickselect,288000,72000,0.003042,738765
quickselect,289000,72250,0.003868,859836
quickselect,290000,72500,0.004404,873732
quickselect,291000,72750,0.005118,1340027
quickselect,292000,73000,0.004117,938398
quickselect,293000,73250,0.005018,1441276
quickselect,294000,73500,0.004175,930387
quickselect,295000,73750,0.006243,1523531
quickselect,296000,74000,0.004635,1064404
quickselect,297000,74250,0.005399,1462358
quickselect,298000,74500,0.003071,710064
quickselect,299000,74750,0.005325,1100222
quickselect,300000,75000,0.004070,1122594
quickselect,301000,75250,0.003009,823006
quickselect,302000,75500,0.004154,795798
quickselect,303000,75750,0.003798,905418
quickselect,304000,76000,0.002949,687020
quickselect,305000,76250,0.004473,946661
quickselect,306000,76500,0.003323,819944
quickselect,307000,76750,0.003802,1031834
quickselect,308000,77000,0.003765,762651
quickselect,309000,77250,0.003877,1203940
quickselect,310000,77500,0.003009,675641
quickselect,311000,77750,0.004221,994401
quickselect,312000,78000,0.002178,633936
quickselect,313000,78250,0.003341,711519
quickselect,314000,78500,0.002232,572795
quickselect,315000,78750,0.002886,694554
quickselect,316000,79000,0.003268,815743
quickselect,317000,79250,0.002997,867821
quickselect,318000,79500,0.004925,1072102
quickselect,319000,79750,0.003349,1223957
quickselect,320000,80000,0.002743,742027
quickselect,321000,80250,0.002020,490347
quickselect,322000,80500,0.004433,1095282
quickselect,323000,80750,0.004712,1318261
quickselect,324000,81000,0.004957,989583
quickselect,325000,81250,0.003132,869262
quickselect,326000,81500,0.002773,623642
quickselect,327000,81750,0.003986,1069678
quickselect,328000,82000,0.007339,1851176
quickselect,329000,82250,0.004239,811130
quickselect,330000,82500,0.005504,1500619
quickselect,331000,82750,0.004982,1215108
quickselect,332000,83000,0.004332,1151700
quickselect,333000,83250,0.005065,996132
quickselect,334000,83500,0.004868,1026054
quickselect,335000,83750,0.007885,1843362
quickselect,336000,84000,0.001619,465827
quickselect,337000,84250,0.004113,826549
quickselect,338000,84500,0.004829,997883
quickselect,339000,84750,0.004275,782474
quickselect,340000,85000,0.002219,517895
quickselect,341000,85250,0.005909,1362464
quickselect,342000,85500,0.005522,1039290
quickselect,343000,85750,0.001976,561279
quickselect,344000,86000,0.004174,1106295
quickselect,345000,86250,0.003308,730329
quickselect,346000,86500,0.004351,867916
quickselect,347000,86750,0.004307,1022191
quickselect,348000,87000,0.004124,1008654
quickselect,349000,87250,0.004261,1002686
quickselect,350000,87500,0.005566,1207568
quickselect,351000,87750,0.004301,1063478
quickselect,352000,88000,0.004466,985191
quickselect,353000,88250,0.006625,1680538
quickselect,354000,88500,0.005007,1251433
quickselect,355000,88750,0.004849,1144907
quickselect,356000,89000,0.007718,2051429
quickselect,357000,89250,0.004980,947509
quickselect,358000,89500,0.004124,915501
quickselect,359000,89750,0.002788,674288
quickselect,360000,90000,0.002485,682733
quickselect,361000,90250,0.002590,706184
quickselect,362000,90500,0.003052,747648
quickselect,363000,90750,0.003669,765859
quickselect,364000,91000,0.004029,970747
quickselect,365000,91250,0.003196,740098
quickselect,366000,91500,0.003992,880162
quickselect,367000,91750,0.007215,1951442
quickselect,368000,92000,0.004723,1254181
quickselect,369000,92250,0.005330,1513082
quickselect,370000,92500,0.006077,1499588
quickselect,371000,92750,0.003766,872646
quickselect,372000,93000,0.005768,1463707
quickselect,373000,93250,0.004925,1136774
quickselect,374000,93500,0.004278,1043067
quickselect,375000,93750,0.003825,904717
quickselect,376000,94000,0.005080,844829
quickselect,377000,94250,0.003379,764698
quickselect,378000,94500,0.005808,1557486
quickselect,379000,94750,0.002828,798015
quickselect,380000,95000,0.002099,627952
quickselect,381000,95250,0.007018,1698547
quickselect,382000,95500,0.004806,1185138
quickselect,383000,95750,0.008583,2201685
quickselect,384000,96000,0.004494,999586
quickselect,385000,96250,0.004673,1126256
quickselect,386000,96500,0.005752,1419732
quickselect,387000,96750,0.004843,1051692
quickselect,388000,97000,0.003738,868905
quickselect,389000,97250,0.006917,1675655
quickselect,390000,97500,0.004496,881834
quickselect,391000,97750,0.004465,989594
quickselect,392000,98000,0.007537,1784822
quickselect,393000,98250,0.005732,1328124
quickselect,394000,98500,0.005125,1476859
quickselect,395000,98750,0.004262,1085454
quickselect,396000,99000,0.006312,1466434
quickselect,397000,99250,0.005542,1349701
quickselect,398000,99500,0.004327,888921
quickselect,399000,99750,0.006951,1671762
quickselect,400000,100000,0.003672,975087
quickselect,401000,100250,0.005357,1288777
quickselect,402000,100500,0.004019,1112308
quickselect,403000,100750,0.005068,1512031
quickselect,404000,101000,0.004852,1283262
quickselect,405000,101250,0.003388,808308
quickselect,406000,101500,0.006062,1514903
quickselect,407000,101750,0.005142,1294042
quickselect,408000,102000,0.006214,1413800
quickselect,409000,102250,0.004648,865794
quickselect,410000,102500,0.004389,1050844
quickselect,411000,102750,0.007263,1849442
quickselect,412000,103000,0.004610,1138270
quickselect,413000,103250,0.004493,960145
quickselect,414000,103500,0.006248,1638360
quickselect,415000,103750,0.004894,1308674
quickselect,416000,104000,0.004684,1320239
quickselect,417000,104250,0.007537,2222535
quickselect,418000,104500,0.005530,1485558
quickselect,419000,104750,0.006116,1636103
quickselect,420000,105000,0.003509,1076229
quickselect,421000,105250,0.004712,1263210
quickselect,422000,105500,0.005281,1292920
quickselect,423000,105750,0.003108,895839
quickselect,424000,106000,0.002571,653879
quickselect,425000,106250,0.004065,1214212
quickselect,426000,106500,0.004015,840636
quickselect,427000,106750,0.006310,1193015
quickselect,428000,107000,0.005190,1133718
quickselect,429000,107250,0.004149,964908
quickselect,430000,107500,0.007285,1283795
quickselect,431000,107750,0.005723,1300308
quickselect,432000,108000,0.005234,1216668
quickselect,433000,108250,0.006642,1179719
quickselect,434000,108500,0.008831,1341129
quickselect,435000,108750,0.004382,905851
quickselect,436000,109000,0.005594,1027190
quickselect,437000,109250,0.004873,691837
quickselect,438000,109500,0.006141,1231553
quickselect,439000,109750,0.008854,1645522
quickselect,440000,110000,0.007625,1448001
quickselect,441000,110250,0.004184,959726
quickselect,442000,110500,0.005244,1281728
quickselect,443000,110750,0.003899,935032
quickselect,444000,111000,0.005967,1322008
quickselect,445000,111250,0.004583,1373774
quickselect,446000,111500,0.005353,1239729
quickselect,447000,111750,0.006241,1366414
quickselect,448000,112000,0.007383,1899181
quickselect,449000,112250,0.006521,1608409
quickselect,450000,112500,0.004879,996455
quickselect,451000,112750,0.004742,877414
quickselect,452000,113000,0.005168,1112574
quickselect,453000,113250,0.005455,1157841
quickselect,454000,113500,0.007036,1618026
quickselect,455000,113750,0.006046,1358684
quickselect,456000,114000,0.004708,987393
quickselect,457000,114250,0.007877,2018544
quickselect,458000,114500,0.005871,1344829
quickselect,459000,114750,0.002534,722005
quickselect,460000,115000,0.007512,1693142
quickselect,461000,115250,0.007926,2056477
quickselect,462000,115500,0.009038,2098056
quickselect,463000,115750,0.007632,1497132
quickselect,464000,116000,0.005938,1045386
quickselect,465000,116250,0.002696,672134
quickselect,466000,116500,0.007481,1855661
quickselect,467000,116750,0.005773,1230173
quickselect,468000,117000,0.002517,639603
quickselect,469000,117250,0.006688,1491082
quickselect,470000,117500,0.005269,1485611
quickselect,471000,117750,0.005175,1109760
quickselect,472000,118000,0.003132,752809
quickselect,473000,118250,0.005635,1110509
quickselect,474000,118500,0.007389,1931586
quickselect,475000,118750,0.004840,1315254
quickselect,476000,119000,0.005595,1135871
quickselect,477000,119250,0.005836,1326575
quickselect,478000,119500,0.006923,1681930
quickselect,479000,119750,0.007415,1492566
quickselect,480000,120000,0.007093,1934678
quickselect,481000,120250,0.008138,1745762
quickselect,482000,120500,0.007915,1909110
quickselect,483000,120750,0.005514,974141
quickselect,484000,121000,0.006796,1216628
quickselect,485000,121250,0.004932,1037772
quickselect,486000,121500,0.006052,1476179
quickselect,487000,121750,0.007695,1813385
quickselect,488000,122000,0.007125,1588000
quickselect,489000,122250,0.006264,1087954
quickselect,490000,122500,0.010263,1905796
quickselect,491000,122750,0.009957,2067665
quickselect,492000,123000,0.006212,1077071
quickselect,493000,123250,0.006910,1697862
quickselect,494000,123500,0.005685,1075142
quickselect,495000,123750,0.008629,2074788
quickselect,496000,124000,0.005068,1134806
quickselect,497000,124250,0.006703,1526276
quickselect,498000,124500,0.008231,1567085
quickselect,499000,124750,0.009480,2023812
quickselect,500000,125000,0.006804,1351531
quickselect,501000,125250,0.011149,2341986
quickselect,502000,125500,0.008308,1932929
quickselect,503000,125750,0.007359,1500564
quickselect,504000,126000,0.008292,1708303
quickselect,505000,126250,0.006047,1359641
quickselect,506000,126500,0.009150,1796399
quickselect,507000,126750,0.006600,1062396
quickselect,508000,127000,0.005816,1111112
quickselect,509000,127250,0.005374,1006965
quickselect,510000,127500,0.007132,1285055
quickselect,511000,127750,0.005401,894534
quickselect,512000,128000,0.006228,1120200
quickselect,513000,128250,0.007342,1502224
quickselect,514000,128500,0.008920,1842789
quickselect,515000,128750,0.005555,1142273
quickselect,516000,129000,0.006078,1398429
quickselect,517000,129250,0.006627,1727579
quickselect,518000,129500,0.011155,2541306
quickselect,519000,129750,0.008671,1953204
quickselect,520000,130000,0.010391,2703187
quickselect,521000,130250,0.003738,822163
quickselect,522000,130500,0.007775,1804904
quickselect,523000,130750,0.007854,1853392
quickselect,524000,131000,0.009257,1871114
quickselect,525000,131250,0.011840,2479529
quickselect,526000,131500,0.010733,1836368
quickselect,527000,131750,0.008016,1856438
quickselect,528000,132000,0.010095,2028724
quickselect,529000,132250,0.008561,2198021
quickselect,530000,132500,0.011305,1906778
quickselect,531000,132750,0.009314,1936834
quickselect,532000,133000,0.006411,1408026
quickselect,533000,133250,0.010905,2381209
quickselect,534000,133500,0.010836,2970342
quickselect,535000,133750,0.006620,1135705
quickselect,536000,134000,0.008167,1696488
quickselect,537000,134250,0.007175,1450936
quickselect,538000,134500,0.003882,796852
quickselect,539000,134750,0.007478,1510533
quickselect,540000,135000,0.006192,1255094
quickselect,541000,135250,0.011641,2592003
quickselect,542000,135500,0.010174,1981989
quickselect,543000,135750,0.009021,1485440
quickselect,544000,136000,0.008612,1847166
quickselect,545000,136250,0.008203,1784980
quickselect,546000,136500,0.012008,3165813
quickselect,547000,136750,0.009377,2479550
quickselect,548000,137000,0.005099,939689
quickselect,549000,137250,0.010306,2433466
quickselect,550000,137500,0.006920,1698759
quickselect,551000,137750,0.007677,1647932
quickselect,552000,138000,0.008200,1656565
quickselect,553000,138250,0.009495,1902129
quickselect,554000,138500,0.008995,1830270
quickselect,555000,138750,0.009170,2005492
quickselect,556000,139000,0.008613,1856807
quickselect,557000,139250,0.006914,1518061
quickselect,558000,139500,0.006744,1215094
quickselect,559000,139750,0.006209,1231037
quickselect,560000,140000,0.006757,1279484
quickselect,561000,140250,0.009746,2265400
quickselect,562000,140500,0.009366,1989955
quickselect,563000,140750,0.009377,2055619
quickselect,564000,141000,0.006048,1502647
quickselect,565000,141250,0.011713,2839266
quickselect,566000,141500,0.010037,2408476
quickselect,567000,141750,0.008075,1979783
quickselect,568000,142000,0.008606,2011932
quickselect,569000,142250,0.005773,992596
quickselect,570000,142500,0.006796,1354192
quickselect,571000,142750,0.011069,2336631
quickselect,572000,143000,0.006092,1262858
quickselect,573000,143250,0.007750,1612024
quickselect,574000,143500,0.007290,1354139
quickselect,575000,143750,0.006005,1220564
quickselect,576000,144000,0.005050,1025604
quickselect,577000,144250,0.010839,2120997
quickselect,578000,144500,0.008947,1909028
quickselect,579000,144750,0.010517,2418117
quickselect,580000,145000,0.007992,1933836
quickselect,581000,145250,0.010157,1996197
quickselect,582000,145500,0.003222,797014
quickselect,583000,145750,0.005897,1397270
quickselect,584000,146000,0.010382,2373757
quickselect,585000,146250,0.008818,2120992
quickselect,586000,146500,0.009260,2057345
quickselect,587000,146750,0.011510,1810419
quickselect,588000,147000,0.005481,1406734
quickselect,589000,147250,0.008151,1774097
quickselect,590000,147500,0.008518,1656775
quickselect,591000,147750,0.006764,1509229
quickselect,592000,148000,0.015100,1910832
quickselect,593000,148250,0.008649,2195124
quickselect,594000,148500,0.007570,1380474
quickselect,595000,148750,0.004583,1216054
quickselect,596000,149000,0.007811,1440277
quickselect,597000,149250,0.008377,1865884
quickselect,598000,149500,0.004798,1006540
quickselect,599000,149750,0.005804,1419217
quickselect,600000,150000,0.006771,1780406
quickselect,601000,150250,0.007081,1695575
quickselect,602000,150500,0.010073,2111810
quickselect,603000,150750,0.007838,1804586
quickselect,604000,151000,0.009523,2294763
quickselect,605000,151250,0.004472,1211385
quickselect,606000,151500,0.011012,2355038
quickselect,607000,151750,0.011834,2432491
quickselect,608000,152000,0.012273,2710155
quickselect,609000,152250,0.005147,1061292
quickselect,610000,152500,0.011960,2489452
quickselect,611000,152750,0.009312,1845864
quickselect,612000,153000,0.012738,2935329
quickselect,613000,153250,0.010901,2486952
quickselect,614000,153500,0.006500,1758835
quickselect,615000,153750,0.009198,1570511
quickselect,616000,154000,0.006749,1513981
quickselect,617000,154250,0.011241,2366088
quickselect,618000,154500,0.008101,1733959
quickselect,619000,154750,0.007473,1641349
quickselect,620000,155000,0.008194,1666833
quickselect,621000,155250,0.010407,2361143
quickselect,622000,155500,0.010121,2164827
quickselect,623000,155750,0.005504,1106986
quickselect,624000,156000,0.009257,2263032
quickselect,625000,156250,0.012192,2877427
quickselect,626000,156500,0.007077,1491489
quickselect,627000,156750,0.006126,1478379
quickselect,628000,157000,0.009722,2465141
quickselect,629000,157250,0.006050,1256640
quickselect,630000,157500,0.008607,1699443
quickselect,631000,157750,0.007712,1590984
quickselect,632000,158000,0.008921,1876240
quickselect,633000,158250,0.009198,1803615
quickselect,634000,158500,0.009527,2107872
quickselect,635000,158750,0.015600,3879166
quickselect,636000,159000,0.009006,2033091
quickselect,637000,159250,0.008784,1435304
quickselect,638000,159500,0.008316,1950562
quickselect,639000,159750,0.008752,1288529
quickselect,640000,160000,0.006722,1693659
quickselect,641000,160250,0.008600,1828585
quickselect,642000,160500,0.011885,2755974
quickselect,643000,160750,0.006157,1142602
quickselect,644000,161000,0.013171,3154592
quickselect,645000,161250,0.013242,2780684
quickselect,646000,161500,0.009102,2011450
quickselect,647000,161750,0.013226,2558571
quickselect,648000,162000,0.006577,1319083
quickselect,649000,162250,0.009700,2641875
quickselect,650000,162500,0.011793,2634323
quickselect,651000,162750,0.009230,1729804
quickselect,652000,163000,0.005883,1356941
quickselect,653000,163250,0.006457,1611681
quickselect,654000,163500,0.007548,1474640
quickselect,655000,163750,0.006888,1379784
quickselect,656000,164000,0.009699,1734804
quickselect,657000,164250,0.009028,1909189
quickselect,658000,164500,0.012586,2763523
quickselect,659000,164750,0.007514,1269858
quickselect,660000,165000,0.005639,1331632
quickselect,661000,165250,0.011959,2723953
quickselect,662000,165500,0.006126,1093994
quickselect,663000,165750,0.014061,3242631
quickselect,664000,166000,0.006198,1511889
quickselect,665000,166250,0.010312,2252013
quickselect,666000,166500,0.009077,1963592
quickselect,667000,166750,0.011448,2008912
quickselect,668000,167000,0.007105,1470287
quickselect,669000,167250,0.006254,1165518
quickselect,670000,167500,0.008231,1276718
quickselect,671000,167750,0.012097,2456410
quickselect,672000,168000,0.008847,2146782
quickselect,673000,168250,0.006454,1130733
quickselect,674000,168500,0.011323,2087754
quickselect,675000,168750,0.010645,2559220
quickselect,676000,169000,0.008901,1709671
quickselect,677000,169250,0.008228,1808730
quickselect,678000,169500,0.010374,2085614
quickselect,679000,169750,0.005997,1451133
quickselect,680000,170000,0.009481,1899103
quickselect,681000,170250,0.007881,1291080
quickselect,682000,170500,0.009739,1646684
quickselect,683000,170750,0.011514,2527278
quickselect,684000,171000,0.006275,1212712
quickselect,685000,171250,0.010136,2082586
quickselect,686000,171500,0.010792,2032856
quickselect,687000,171750,0.014378,3688462
quickselect,688000,172000,0.011413,2164679
quickselect,689000,172250,0.011550,2637395
quickselect,690000,172500,0.005065,1271284
quickselect,691000,172750,0.011328,2130444
quickselect,692000,173000,0.011348,2168862
quickselect,693000,173250,0.013174,3141057
quickselect,694000,173500,0.010972,2609966
quickselect,695000,173750,0.009157,1802995
quickselect,696000,174000,0.019665,4431217
quickselect,697000,174250,0.007665,1523498
quickselect,698000,174500,0.009721,2167458
quickselect,699000,174750,0.008412,1551950
quickselect,700000,175000,0.010251,2098327
quickselect,701000,175250,0.015167,3587079
quickselect,702000,175500,0.011133,2632562
quickselect,703000,175750,0.007291,1683033
quickselect,704000,176000,0.010610,2026113
quickselect,705000,176250,0.011269,2818359
quickselect,706000,176500,0.013237,3000526
quickselect,707000,176750,0.008946,2476428
quickselect,708000,177000,0.011514,2481273
quickselect,709000,177250,0.012219,2570857
quickselect,710000,177500,0.012954,2988138
quickselect,711000,177750,0.012784,2711762
quickselect,712000,178000,0.011669,2474671
quickselect,713000,178250,0.013747,2924569
quickselect,714000,178500,0.010604,2087560
quickselect,715000,178750,0.007502,1464466
quickselect,716000,179000,0.011972,2751531
quickselect,717000,179250,0.014993,3758518
quickselect,718000,179500,0.006552,1268874
quickselect,719000,179750,0.011422,2546750
quickselect,720000,180000,0.009949,2393304
quickselect,721000,180250,0.012641,2960506
quickselect,722000,180500,0.005649,1075494
quickselect,723000,180750,0.012833,3030561
quickselect,724000,181000,0.007080,1446797
quickselect,725000,181250,0.008109,1426590
quickselect,726000,181500,0.009197,2002796
quickselect,727000,181750,0.007227,1772743
quickselect,728000,182000,0.008415,1744913
quickselect,729000,182250,0.011289,2020533
quickselect,730000,182500,0.008335,2157352
quickselect,731000,182750,0.011817,2294100
quickselect,732000,183000,0.006837,1929138
quickselect,733000,183250,0.016478,3984528
quickselect,734000,183500,0.014844,3530619
quickselect,735000,183750,0.011625,2402807
quickselect,736000,184000,0.009683,1859512
quickselect,737000,184250,0.008646,1601735
quickselect,738000,184500,0.009183,2359185
quickselect,739000,184750,0.011723,2092658
quickselect,740000,185000,0.007239,1699199
quickselect,741000,185250,0.010230,2004174
quickselect,742000,185500,0.009011,1584424
quickselect,743000,185750,0.004980,1332128
quickselect,744000,186000,0.007676,1814343
quickselect,745000,186250,0.010482,2041215
quickselect,746000,186500,0.010313,1911859
quickselect,747000,186750,0.010420,1995969
quickselect,748000,187000,0.017411,3477684
quickselect,749000,187250,0.010218,2151255
quickselect,750000,187500,0.013357,2944807
quickselect,751000,187750,0.010505,3296438
quickselect,752000,188000,0.010645,2335896
quickselect,753000,188250,0.006808,1402612
quickselect,754000,188500,0.011019,1918855
quickselect,755000,188750,0.011243,2161945
quickselect,756000,189000,0.009707,1752298
quickselect,757000,189250,0.009156,2204940
quickselect,758000,189500,0.013961,3364794
quickselect,759000,189750,0.014680,3573573
quickselect,760000,190000,0.012006,2402490
quickselect,761000,190250,0.006623,1258001
quickselect,762000,190500,0.010698,2629315
quickselect,763000,190750,0.013173,2857532
quickselect,764000,191000,0.010543,2047604
quickselect,765000,191250,0.011828,2684873
quickselect,766000,191500,0.012278,2551808
quickselect,767000,191750,0.009566,2086195
quickselect,768000,192000,0.014765,3335740
quickselect,769000,192250,0.010832,2227515
quickselect,770000,192500,0.011461,2523688
quickselect,771000,192750,0.015263,3820088
quickselect,772000,193000,0.009069,1594560
quickselect,773000,193250,0.004080,1015672
quickselect,774000,193500,0.012381,2598920
quickselect,775000,193750,0.006558,1511996
quickselect,776000,194000,0.021230,2974192
quickselect,777000,194250,0.012135,2137586
quickselect,778000,194500,0.008989,2278740
quickselect,779000,194750,0.010428,2381427
quickselect,780000,195000,0.009418,1615748
quickselect,781000,195250,0.010411,2377579
quickselect,782000,195500,0.013700,3339543
quickselect,783000,195750,0.009261,1876287
quickselect,784000,196000,0.015119,3663709
quickselect,785000,196250,0.011877,2877474
quickselect,786000,196500,0.008836,1941400
quickselect,787000,196750,0.009038,1756480
quickselect,788000,197000,0.004939,1123227
quickselect,789000,197250,0.013376,2697976
quickselect,790000,197500,0.006825,1291957
quickselect,791000,197750,0.015553,3681549
quickselect,792000,198000,0.018810,4641285
quickselect,793000,198250,0.014374,3184755
quickselect,794000,198500,0.011513,2517887
quickselect,795000,198750,0.010372,1892562
quickselect,796000,199000,0.011193,2544818
quickselect,797000,199250,0.015288,2630679
quickselect,798000,199500,0.009997,1876799
quickselect,799000,199750,0.014929,3018748
quickselect,800000,200000,0.015983,3206213
quickselect,801000,200250,0.009105,1653876
quickselect,802000,200500,0.017811,3440261
quickselect,803000,200750,0.013054,2654048
quickselect,804000,201000,0.014582,3502764
quickselect,805000,201250,0.027742,3784762
quickselect,806000,201500,0.014741,2437084
quickselect,807000,201750,0.013425,3211313
quickselect,808000,202000,0.011073,1861613
quickselect,809000,202250,0.013136,2453161
quickselect,810000,202500,0.011595,2141617
quickselect,811000,202750,0.015523,3970088
quickselect,812000,203000,0.009301,2447206
quickselect,813000,203250,0.007253,1740073
quickselect,814000,203500,0.010356,2438763
quickselect,815000,203750,0.011261,2171212
quickselect,816000,204000,0.009046,1806928
quickselect,817000,204250,0.010686,1992373
quickselect,818000,204500,0.013368,3020970
quickselect,819000,204750,0.009235,2100799
quickselect,820000,205000,0.012287,3186468
quickselect,821000,205250,0.014534,3083540
quickselect,822000,205500,0.012591,3463453
quickselect,823000,205750,0.012188,3122624
quickselect,824000,206000,0.010955,2008547
quickselect,825000,206250,0.009537,1744530
quickselect,826000,206500,0.015664,3629671
quickselect,827000,206750,0.016196,3738119
quickselect,828000,207000,0.007034,1392628
quickselect,829000,207250,0.012940,3040452
quickselect,830000,207500,0.015052,3823964
quickselect,831000,207750,0.012942,2878796
quickselect,832000,208000,0.014565,3079724
quickselect,833000,208250,0.009969,2240175
quickselect,834000,208500,0.013886,3104476
quickselect,835000,208750,0.015331,4029607
quickselect,836000,209000,0.015417,3690646
quickselect,837000,209250,0.012104,3023449
quickselect,838000,209500,0.013596,3225921
quickselect,839000,209750,0.007961,2088002
quickselect,840000,210000,0.012621,2401371
quickselect,841000,210250,0.013192,2594066
quickselect,842000,210500,0.009013,1519614
quickselect,843000,210750,0.011175,2444939
quickselect,844000,211000,0.012348,2716876
quickselect,845000,211250,0.014932,3908549
quickselect,846000,211500,0.012522,2832152
quickselect,847000,211750,0.006396,1550717
quickselect,848000,212000,0.011419,2519681
quickselect,849000,212250,0.012841,2663350
quickselect,850000,212500,0.012509,2074226
quickselect,851000,212750,0.010838,2591672
quickselect,852000,213000,0.012315,2720206
quickselect,853000,213250,0.007565,1448303
quickselect,854000,213500,0.010369,2011798
quickselect,855000,213750,0.015176,3465127
quickselect,856000,214000,0.007683,1409065
quickselect,857000,214250,0.011077,2057851
quickselect,858000,214500,0.010821,2263000
quickselect,859000,214750,0.012840,2167271
quickselect,860000,215000,0.012401,2536598
quickselect,861000,215250,0.015495,3470353
quickselect,862000,215500,0.010779,2125216
quickselect,863000,215750,0.011589,2288532
quickselect,864000,216000,0.017417,4029297
quickselect,865000,216250,0.014966,3284538
quickselect,866000,216500,0.014696,3152175
quickselect,867000,216750,0.015084,3610314
quickselect,868000,217000,0.013786,3212764
quickselect,869000,217250,0.011908,2762280
quickselect,870000,217500,0.010016,2027851
quickselect,871000,217750,0.019709,4034651
quickselect,872000,218000,0.015223,3661889
quickselect,873000,218250,0.011603,2309523
quickselect,874000,218500,0.012723,2617307
quickselect,875000,218750,0.009432,2308969
quickselect,876000,219000,0.009557,2056680
quickselect,877000,219250,0.014213,3102024
quickselect,878000,219500,0.009421,1895963
quickselect,879000,219750,0.015874,3801516
quickselect,880000,220000,0.014822,3328406
quickselect,881000,220250,0.015656,3711143
quickselect,882000,220500,0.015207,3541979
quickselect,883000,220750,0.008936,2306103
quickselect,884000,221000,0.008459,1749833
quickselect,885000,221250,0.012850,2373844
quickselect,886000,221500,0.016458,3699748
quickselect,887000,221750,0.014883,3545867
quickselect,888000,222000,0.014512,3715784
quickselect,889000,222250,0.020765,5342879
quickselect,890000,222500,0.014238,3491380
quickselect,891000,222750,0.016049,3757032
quickselect,892000,223000,0.014780,3465466
quickselect,893000,223250,0.013509,2708479
quickselect,894000,223500,0.019725,5128727
quickselect,895000,223750,0.012489,3151158
quickselect,896000,224000,0.012602,2274940
quickselect,897000,224250,0.006778,1782699
quickselect,898000,224500,0.017121,4054912
quickselect,899000,224750,0.009398,2039638
quickselect,900000,225000,0.012079,2273324
quickselect,901000,225250,0.009574,1735614
quickselect,902000,225500,0.007847,1576320
quickselect,903000,225750,0.011901,2227631
quickselect,904000,226000,0.013345,2730717
quickselect,905000,226250,0.010893,2321745
quickselect,906000,226500,0.016183,4033316
quickselect,907000,226750,0.019323,4528007
quickselect,908000,227000,0.017324,4356169
quickselect,909000,227250,0.007183,1590458
quickselect,910000,227500,0.016354,3689282
quickselect,911000,227750,0.019410,4538234
quickselect,912000,228000,0.012536,2624530
quickselect,913000,228250,0.011075,1924857
quickselect,914000,228500,0.012305,2598083
quickselect,915000,228750,0.012729,2354956
quickselect,916000,229000,0.013536,3290457
quickselect,917000,229250,0.013542,3669111
quickselect,918000,229500,0.011655,2318688
quickselect,919000,229750,0.015366,3413569
quickselect,920000,230000,0.014811,3231581
quickselect,921000,230250,0.014439,3089283
quickselect,922000,230500,0.013348,2887935
quickselect,923000,230750,0.012523,2909432
quickselect,924000,231000,0.016375,3950397
quickselect,925000,231250,0.010529,1902738
quickselect,926000,231500,0.014155,3603773
quickselect,927000,231750,0.014229,3555932
quickselect,928000,232000,0.013789,2671404
quickselect,929000,232250,0.011904,2251338
quickselect,930000,232500,0.013036,2588881
quickselect,931000,232750,0.011766,2457850
quickselect,932000,233000,0.014127,3311415
quickselect,933000,233250,0.016428,4043252
quickselect,934000,233500,0.012383,2821396
quickselect,935000,233750,0.010295,2698570
quickselect,936000,234000,0.013474,2986043
quickselect,937000,234250,0.009157,1878362
quickselect,938000,234500,0.013185,3699152
quickselect,939000,234750,0.009758,2289413
quickselect,940000,235000,0.014300,3167172
quickselect,941000,235250,0.015245,4287556
quickselect,942000,235500,0.015819,3836036
quickselect,943000,235750,0.018346,4340118
quickselect,944000,236000,0.016365,3752145
quickselect,945000,236250,0.011781,2178690
quickselect,946000,236500,0.011951,2444408
quickselect,947000,236750,0.017078,3356002
quickselect,948000,237000,0.012706,2746657
quickselect,949000,237250,0.016575,2367993
quickselect,950000,237500,0.011683,2625791
quickselect,951000,237750,0.017917,2974382
quickselect,952000,238000,0.014180,2980533
quickselect,953000,238250,0.010580,2631400
quickselect,954000,238500,0.011090,2626079
quickselect,955000,238750,0.007352,1627682
quickselect,956000,239000,0.016117,3244716
quickselect,957000,239250,0.012158,2250382
quickselect,958000,239500,0.017098,4436258
quickselect,959000,239750,0.010495,2166118
quickselect,960000,240000,0.014332,3513073
quickselect,961000,240250,0.014562,3609704
quickselect,962000,240500,0.010306,1968001
quickselect,963000,240750,0.014227,3106047
quickselect,964000,241000,0.009346,1914019
quickselect,965000,241250,0.013472,3311169
quickselect,966000,241500,0.015478,2936429
quickselect,967000,241750,0.014027,3031177
quickselect,968000,242000,0.010787,1820356
quickselect,969000,242250,0.015303,3539525
quickselect,970000,242500,0.018064,4105410
quickselect,971000,242750,0.012413,2820136
quickselect,972000,243000,0.015329,3536837
quickselect,973000,243250,0.021848,5980159
quickselect,974000,243500,0.013563,3551934
quickselect,975000,243750,0.010636,2338214
quickselect,976000,244000,0.005919,1381604
quickselect,977000,244250,0.013562,2810584
quickselect,978000,244500,0.016216,3993116
quickselect,979000,244750,0.013002,2720492
quickselect,980000,245000,0.013304,2546666
quickselect,981000,245250,0.017533,3267867
quickselect,982000,245500,0.018621,4431575
quickselect,983000,245750,0.014690,3649436
quickselect,984000,246000,0.015966,3883991
quickselect,985000,246250,0.013394,2704589
quickselect,986000,246500,0.012557,3175562
quickselect,987000,246750,0.012035,2316053
quickselect,988000,247000,0.011571,2245630
quickselect,989000,247250,0.007783,2065656
quickselect,990000,247500,0.012232,2923374
quickselect,991000,247750,0.013816,2942084
quickselect,992000,248000,0.020213,4019147
quickselect,993000,248250,0.013756,2168395
quickselect,994000,248500,0.017964,4045514
quickselect,995000,248750,0.012932,2902167
quickselect,996000,249000,0.016841,3744225
quickselect,997000,249250,0.017005,3896516
quickselect,998000,249500,0.012988,2489854
quickselect,999000,249750,0.011724,2245756
quickselect,1000000,250000,0.017427,4113741
